message,tag,timestamp
"Enjoying a morning run.","running","2022-06-01T07:00:00Z"
"Discovering new books at the library.","reading","2019-06-20T13:45:00Z"
"Capturing beautiful moments with photography.","photography","2021-03-12T15:20:00Z"
"Indulging in a delicious ice cream cone.","icecream","2023-05-18T19:30:00Z"
"Exploring the underwater world while scuba diving.","scubadiving","2022-09-05T09:45:00Z"
"Stargazing on a clear night.","stargazing","2023-02-28T23:00:00Z"
"Embarking on a solo hiking adventure.","hiking","2022-07-10T08:15:00Z"
"Enjoying a cup of hot cocoa by the fireplace.","hotcocoa","2023-01-02T17:55:00Z"
"Creating art with watercolors.","watercolor","2021-06-05T14:40:00Z"
"Feeling the adrenaline rush while bungee jumping.","bungeejumping","2022-10-15T12:30:00Z"
"Trying out a new recipe in the kitchen.","cooking","2022-04-20T18:30:00Z"
"Listening to my favorite podcast.","podcast","2021-07-15T09:45:00Z"
"Embarking on a road trip with friends.","roadtrip","2023-03-10T14:20:00Z"
"Enjoying the fresh air on a bike ride.","bikeride","2022-08-02T11:15:00Z"
"Relaxing on a hammock by the beach.","beach","2022-12-27T16:40:00Z"
"Exploring the city's street markets.","streetmarkets","2021-02-05T13:25:00Z"
"Feeling the thrill of roller coaster rides.","rollercoaster","2022-01-11T19:00:00Z"
"Taking a dip in a refreshing swimming pool.","swimming","2023-07-08T08:10:00Z"
"Enjoying a peaceful morning of meditation.","meditation","2022-05-15T07:30:00Z"
"Trying out a new dance style in a class.","dance","2022-11-20T16:50:00Z"
"Exploring the beauty of a botanical garden.","botanicalgarden","2021-08-25T12:45:00Z"
"Feeling the excitement of live sports.","sports","2022-03-28T15:35:00Z"
"Savoring a cup of aromatic coffee.","coffee","2023-04-02T09:25:00Z"
"Embarking on a backpacking adventure.","backpacking","2022-07-20T08:55:00Z"
"Enjoying a picnic in a picturesque park.","picnic","2022-12-15T13:20:00Z"
"Feeling the rhythm at a music festival.","musicfestival","2021-02-18T20:00:00Z"
"Exploring a new city's historic landmarks.","landmarks","2022-01-25T10:40:00Z"
"Trying out a new outdoor workout routine.","outdoorworkout","2022-09-30T07:15:00Z"
"Marveling at the colors of a vibrant sunset.","sunset","2023-05-05T19:45:00Z"
"Having a cozy movie night at home.","movienight","2022-04-05T21:30:00Z"
"Feeling the sand between my toes at the beach.","beach","2021-07-30T16:55:00Z"
"Exploring the local food scene in a new city.","foodie","2022-03-22T12:10:00Z"
"Embarking on a scenic train journey.","trainride","2022-11-05T10:25:00Z"
"Enjoying the thrill of rock climbing.","rockclimbing","2023-06-18T14:50:00Z"
"Trying out a new hairstyle at the salon.","hairstyle","2022-08-10T18:35:00Z"
"Feeling the rush of a skydiving experience.","skydiving","2022-01-15T13:20:00Z"
"Sipping a refreshing cocktail by the pool.","cocktail","2023-04-10T17:15:00Z"
"Exploring a hidden gem of a bookstore.","bookstore","2022-05-25T15:40:00Z"
"Taking a leisurely boat ride on a serene lake.","boating","2022-12-22T11:05:00Z"
"Feeling inspired by an art exhibition.","art","2021-03-28T14:30:00Z"
"Enjoying the tranquility of a Japanese garden.","japanesegarden","2022-02-02T09:45:00Z"
"Exploring a scenic hiking trail in the mountains.","mountainhiking","2022-10-30T10:20:00Z"
"Trying out a new water sport like paddleboarding.","paddleboarding","2022-04-10T17:55:00Z"
"Feeling the joy of playing with a furry friend.","pets","2023-01-08T12:30:00Z"
"Indulging in a decadent chocolate dessert.","chocolate","2021-06-15T19:00:00Z"
"Embarking on a thrilling zip line adventure.","zipline","2022-09-10T14:15:00Z"
"Enjoying a scenic drive along a coastal route.","coastaldrive","2022-03-25T11:40:00Z"
"Feeling the energy of a live theater performance.","theater","2022-11-28T18:05:00Z"
"Exploring a new city's vibrant nightlife.","nightlife","2023-06-20T21:30:00Z"
"Trying out a new workout class like kickboxing.","kickboxing","2022-08-20T16:55:00Z"
"Savoring the flavors of a gourmet food tasting.","foodtasting","2023-02-15T13:20:00Z"
"Feeling the thrill of go-kart racing.","gokart","2022-01-20T11:35:00Z"
"Taking a scenic hot air balloon ride.","hotairballoon","2022-07-25T09:00:00Z"
"Enjoying a relaxing day at a luxurious spa.","spa","2023-04-15T14:25:00Z"
"Exploring the vibrant street art of a new neighborhood.","streetart","2022-05-02T12:50:00Z"
"Feeling the excitement of a live concert.","concert","2022-12-02T19:15:00Z"
"Trying out a new hobby like knitting or crochet.","hobby","2021-03-05T16:40:00Z"
"Embracing the thrill of whitewater rafting.","rafting","2022-02-10T13:05:00Z"
"Enjoying a leisurely day of fishing by the river.","fishing","2022-10-05T10:30:00Z"
"Feeling the adrenaline rush of indoor skydiving.","indoorskydiving","2022-04-15T17:55:00Z"
"Exploring a new city's local markets and shops.","localmarkets","2023-01-12T14:20:00Z"
"Taking a scenic drive through breathtaking landscapes.","scenicdrive","2021-06-20T20:45:00Z"
"Feeling the excitement of attending a live sports event.","sports","2022-09-15T18:10:00Z"
"Enjoying a lazy day by the poolside.","poolside","2023-05-20T23:35:00Z"
"Trying out a new recipe and cooking a homemade meal.","homemade","2022-02-25T18:00:00Z"
"Exploring the beauty of a national park.","nationalpark","2022-11-30T15:25:00Z"
"Feeling the rush of adrenaline on a roller coaster.","rollercoaster","2022-07-05T12:50:00Z"
"Indulging in a spa day with pampering treatments.","spaday","2023-03-05T17:15:00Z"
"Embarking on a camping trip in the great outdoors.","camping","2022-04-20T14:40:00Z"
"Enjoying a scenic bike ride along a coastal path.","bikeride","2022-12-15T12:05:00Z"
"Feeling the thrill of bouldering at an indoor rock gym.","bouldering","2021-03-18T09:30:00Z"
"Exploring a new city's historical landmarks.","historical","2022-01-23T15:55:00Z"
"Trying out a new adventure sport like paragliding.","paragliding","2022-09-28T13:20:00Z"
"Feeling the peace and serenity of a yoga retreat.","yogaretreat","2022-05-15T10:45:00Z"
"Taking a scenic hike to a breathtaking waterfall.","waterfall","2023-02-20T18:10:00Z"
"Enjoying a sunset boat cruise on a tranquil lake.","boatcruise","2023-06-25T15:35:00Z"
"Feeling the rush of adrenaline while go-kart racing.","gokart","2022-07-10T13:00:00Z"
"Indulging in a decadent dessert at a fancy restaurant.","dessert","2023-01-15T19:25:00Z"
"Embarking on a wine tasting tour in the countryside.","winetasting","2022-04-25T15:50:00Z"
"Enjoying a cozy evening by the fireplace with a book.","cozyevening","2022-11-20T13:15:00Z"
"Feeling the excitement of attending a music festival.","musicfestival","2022-08-25T10:40:00Z"
"Exploring a new city's vibrant street art scene.","streetart","2023-03-22T17:05:00Z"
"Trying out a new fitness class like kickboxing or Zumba.","fitnessclass","2022-05-28T14:30:00Z"
"Feeling the joy of playing sports with friends.","sports","2023-02-25T11:55:00Z"
"Taking a scenic drive along a picturesque countryside.","countrysidedrive","2022-09-30T09:20:00Z"
"Enjoying a peaceful day of birdwatching in nature.","birdwatching","2022-01-28T15:45:00Z"
"Feeling the thrill of jet skiing on the open water.","jetskiing","2022-07-12T12:03:42:00Z"
"I'm trying out a new recipe for lasagna tonight.","cooking","2014-09-23T02:30:54Z"
"Planning a hike to the beautiful mountains next weekend!","hiking","2007-06-13T12:45:21Z"
"Can't wait for our upcoming vacation in Bali!","vacation","2021-04-08T09:15:39Z"
"Just discovered a cozy new coffee shop in town.","coffee","2005-11-30T17:22:06Z"
"Heading out for a fun night of dancing with friends.","night-life","2013-02-17T21:07:40Z"
"I finally cracked the code and solved that programming challenge!","1337code","2017-08-02T11:55:09Z"
"Trying out a new recipe for chocolate chip cookies today.","cooking","2010-10-26T14:18:37Z"
"Planning a hike to the stunning Grand Canyon next month.","hiking","2004-07-18T08:50:24Z"
"Counting down the days until our beach vacation in Hawaii!","vacation","2019-09-14T16:40:12Z"
"Found a hidden gem of a coffee shop in a back alley.","coffee","2016-01-05T19:27:52Z"
"I just invented a new dish that combines sushi and pizza!","cooking","2002-12-11T13:08:27Z"
"Exploring new hiking trails in the nearby national park.","hiking","2011-03-19T17:10:06Z"
"Planning a trip to Italy for our summer vacation!","vacation","2019-07-28T10:35:43Z"
"I'm hosting a coffee tasting event at my house this weekend.","coffee","2009-09-01T22:00:58Z"
"Enjoying a night out with friends, trying out a new club.","night-life","2018-06-07T23:40:16Z"
"Finally finished building my own coding project from scratch!","1337code","2006-04-21T08:25:32Z"
"Experimenting with new cooking techniques for a dinner party.","cooking","2013-12-09T14:52:49Z"
"Embarking on a challenging multi-day hike in the mountains.","hiking","2007-10-15T07:19:17Z"
"Planning a relaxing vacation at a remote island resort.","vacation","2014-12-02T16:55:40Z"
"Trying out different brewing methods for the perfect cup of coffee.","coffee","2021-01-19T11:37:59Z"
"Preparing a special meal for our anniversary dinner tonight.","cooking","2003-06-27T10:12:08Z"
"Discovered a hidden waterfall while hiking in the forest.","hiking","2010-08-09T16:30:31Z"
"Booked flights for our dream vacation to the Maldives!","vacation","2018-11-22T13:45:57Z"
"Sampling various coffee blends at a local coffee festival.","coffee","2016-06-14T18:02:15Z"
"Excited to experience the vibrant nightlife in Tokyo.","night-life","2008-12-29T22:20:44Z"
"Implemented a complex algorithm in my latest coding project!","1337code","2013-03-28T09:45:09Z"
"Trying out a new recipe for homemade pizza from scratch.","cooking","2012-10-09T11:28:22Z"
"Hiking through the picturesque trails of the Swiss Alps.","hiking","2015-08-01T15:10:40Z"
"Planning a family vacation to explore historical landmarks.","vacation","2009-04-14T14:55:53Z"
"Indulging in a cup of freshly brewed artisanal coffee.","coffee","2017-03-02T19:40:15Z"
"Looking forward to a night of dancing at the salsa club.","night-life","2019-02-07T23:57:39Z"
"Solved a complex coding problem using recursion.","1337code","2005-12-30T10:15:48Z"
"Experimenting with new flavors for a unique ice cream recipe.","cooking","2016-09-16T13:18:55Z"
"Hiking along the scenic coastline of Big Sur, California.","hiking","2014-07-11T17:50:28Z"
"Booking accommodations for our upcoming vacation in Paris.","vacation","2022-03-21T11:36:42Z"
"Sampling different types of coffee beans at a local roastery.","coffee","2004-09-23T18:12:57Z"
"Dancing the night away at a trendy nightclub with friends.","night-life","2010-12-02T23:30:10Z"
"Implemented an efficient sorting algorithm in my code.","1337code","2015-02-08T09:58:28Z"
"Trying out a new vegetarian recipe for stuffed bell peppers.","cooking","2007-11-14T14:22:35Z"
"Hiking through the dense rainforests of Costa Rica.","hiking","2012-09-29T17:15:40Z"
"Planning a beach vacation to the breathtaking Greek islands.","vacation","2019-06-12T10:47:58Z"
"Enjoying a cup of rich and aromatic Ethiopian coffee.","coffee","2002-02-16T19:35:45Z"
"Dancing the night away at a music festival with friends.","night-life","2017-09-08T00:05:11Z"
"Successfully completed a coding challenge on a competitive platform.","1337code","2013-08-27T08:10:37Z"
"Trying out a new recipe for homemade pasta with fresh ingredients.","cooking","2011-10-01T12:15:55Z"
"Hiking to the summit of Mount Kilimanjaro in Tanzania.","hiking","2006-02-15T14:50:20Z"
"Planning an adventurous vacation to explore the Amazon rainforest.","vacation","2014-05-30T16:40:59Z"
"Visiting a specialty coffee shop renowned for its pour-over brews.","coffee","2022-01-18T09:28:07Z"
"Dancing the night away at a rooftop club with panoramic views.","night-life","2008-08-09T23:45:25Z"
"Developed a complex algorithm to optimize database queries.","1337code","2016-04-10T08:55:42Z"
"Exploring the world of French cuisine with classic recipes.","cooking","2004-10-17T13:30:59Z"
"Hiking through the breathtaking landscapes of New Zealand.","hiking","2011-11-27T15:48:17Z"
"Planning a tropical vacation to relax on the beaches of Hawaii.","vacation","2021-07-03T10:25:32Z"
"Discovering a hidden coffee shop with a secret speakeasy vibe.","coffee","2019-10-26T19:02:46Z"
"Enjoying a night of live jazz music at a local bar.","night-life","2016-07-02T23:20:54Z"
"Solved a coding challenge using dynamic programming techniques.","1337code","2014-03-29T09:40:12Z"
"Experimenting with fusion cuisine, blending flavors from different cultures.","cooking","2012-02-04T12:55:27Z"
"Hiking to the breathtaking waterfalls in the Yosemite National Park.","hiking","2008-01-16T16:20:34Z"
"Planning a road trip to explore the stunning landscapes of Iceland.","vacation","2015-03-20T19:45:58Z"
"Sampling different single-origin coffee beans from around the world.","coffee","2013-08-13T21:15:07Z"
"Dancing the night away at a beachside club under the starry sky.","night-life","2005-12-18T23:40:22Z"
"Developed a cutting-edge machine learning algorithm for image recognition.","1337code","2019-04-09T08:05:41Z"
"Creating a mouthwatering dessert using seasonal fruits and pastry.","cooking","2017-02-13T10:28:59Z"
"Exploring the scenic trails of the Swiss Alps during the summer.","hiking","2014-09-27T14:50:16Z"
"Planning an adventurous vacation to go scuba diving in the Maldives.","vacation","2009-07-10T17:35:22Z"
"Discovering a hidden gem of a coffee shop in a small coastal town.","coffee","2016-06-25T21:10:45Z"
"Enjoying a night of salsa dancing at a vibrant Latin club.","night-life","2013-07-01T23:45:03Z"
"Optimized a critical section of code for faster execution time.","1337code","2010-10-03T08:20:27Z"
"Preparing a homemade soup with fresh ingredients from the farmers market.","cooking","2006-09-14T12:18:44Z"
"Hiking along the rugged trails of the Appalachian Mountains.","hiking","2013-04-09T16:25:59Z"
"Planning a trip to explore the cultural heritage of Japan.","vacation","2010-07-17T19:52:13Z"
"Savoring a cup of specialty coffee made with precision and care.","coffee","2008-05-22T23:30:31Z"
"Dancing to the beats of a famous DJ at a popular nightclub.","night-life","2016-02-28T00:12:48Z"
"Implemented a genetic algorithm to solve a complex optimization problem.","1337code","2013-10-14T08:35:51Z"
"Trying out a new recipe for a mouthwatering seafood paella.","cooking","2007-08-31T14:28:07Z"
"Hiking through the enchanting forests of the Pacific Northwest.","hiking","2015-07-05T18:50:23Z"
"Planning a vacation to explore the ancient ruins of Machu Picchu.","vacation","2013-02-19T20:15:36Z"
"Exploring the diverse flavors of Vietnamese coffee with condensed milk.","coffee","2011-06-30T22:45:50Z"
"Dancing the night away at a glamorous rooftop bar with a stunning view.","night-life","2019-01-12T00:05:18Z"
"Solved a complex coding challenge by implementing a graph traversal algorithm.","1337code","2006-05-24T09:58:27Z"
"Trying out a new recipe for homemade sushi rolls with fresh ingredients.","cooking","2014-11-16T13:42:49Z"
"Hiking in the picturesque landscapes of the Lake District in England.","hiking","2009-12-10T17:25:55Z"
"Planning a beach vacation to soak up the sun in the Caribbean.","vacation","2017-08-03T20:48:20Z"
"Sampling exotic coffee beans sourced directly from African farms.","coffee","2015-04-26T00:15:37Z"
"Dancing the night away at a music festival with incredible live performances.","night-life","2012-09-20T01:35:58Z"
"Developed a real-time chat application using WebSocket technology.","1337code","2019-03-18T09:40:15Z"
"Experimenting with molecular gastronomy techniques to create unique dishes.","cooking","2017-03-12T11:55:25Z"
"Hiking to the breathtaking summit of Mount Everest.","hiking","2005-11-19T16:10:40Z"
"Planning an adventurous vacation to go bungee jumping in New Zealand.","vacation","2014-05-05T18:40:56Z"
"Exploring the rich coffee culture in Italy with traditional espresso shots.","coffee","2011-08-10T22:22:02Z"
"Dancing to the rhythm of Latin music at a salsa club.","night-life","2019-09-21T00:47:13Z"
"Solved a coding challenge using dynamic programming techniques.","1337code","2016-07-14T08:10:39Z"
"Trying out a new recipe for homemade Thai green curry.","cooking","2013-10-28T12:52:47Z"
"Hiking through the stunning landscapes of the Swiss Alps.","hiking","2011-11-16T17:10:56Z"
"Planning a trip to explore the historical sites of Rome.","vacation","2006-12-21T19:45:08Z"
"Indulging in a cup of handcrafted pour-over coffee.","coffee","2014-06-14T22:02:15Z"
"Enjoying a night of live jazz music at a cozy jazz club.","night-life","2011-01-27T23:40:33Z"
"Developed a neural network model for image recognition tasks.","1337code","2009-04-15T08:05:41Z"
"Experimenting with new ingredients to create plant-based recipes.","cooking","2017-01-01T10:28:55Z"
"Hiking to the magnificent waterfalls of Iguazu in Argentina.","hiking","2014-08-17T14:50:10Z"
"Planning a vacation to explore the cultural heritage of Egypt.","vacation","2011-07-22T18:35:25Z"
"Discovering a hidden coffee shop known for its unique brewing methods.","coffee","2009-06-05T21:10:45Z"
"Dancing the night away at a vibrant nightclub in the heart of the city.","night-life","2016-05-12T00:20:59Z"
"Developed an algorithm to compress and decompress data efficiently.","1337code","2013-01-25T08:35:17Z"
"Trying out a new recipe for homemade gnocchi with a creamy sauce.","cooking","2011-09-14T13:28:29Z"
"Hiking through the stunning landscapes of Banff National Park in Canada.","hiking","2008-10-18T17:55:40Z"
"Planning a beach vacation to relax on the pristine shores of the Maldives.","vacation","2016-09-24T21:55:58Z"
"Sampling different coffee varieties at a specialty coffee tasting event.","coffee","2013-05-02T00:37:07Z"
"Enjoying a night of live music and dancing at a popular music venue.","night-life","2011-02-08T23:55:22Z"
"Solved a coding challenge by implementing a graph algorithm for shortest paths.","1337code","2017-07-31T09:40:47Z"
"Experimenting with unique flavor combinations in homemade ice cream.","cooking","2014-05-17T12:52:49Z"
"Hiking through the stunning landscapes of Torres del Paine in Patagonia.","hiking","2011-09-10T15:50:20Z"
"Planning a vacation to explore the historical sites of Athens.","vacation","2006-10-11T19:52:35Z"
"Indulging in a cup of rich and aromatic Vietnamese coffee.","coffee","2013-08-28T22:35:45Z"
"Dancing the night away at a lively club with a live DJ.","night-life","2010-07-05T23:40:02Z"
"Developed a parallel algorithm for efficient data processing.","1337code","2018-05-09T08:55:22Z"
"Trying out a new recipe for homemade ramen with authentic flavors.","cooking","2016-02-09T11:28:47Z"
"Hiking to the breathtaking summit of Mount Fuji in Japan.","hiking","2013-07-15T15:50:59Z"
"Planning a vacation to explore the natural wonders of Iceland.","vacation","2010-09-20T20:15:36Z"
"Sampling different varieties of single-origin coffee at a local roastery.","coffee","2008-06-01T23:40:12Z"
"Enjoying a night of live music at a cozy jazz bar.","night-life","2016-02-15T00:55:28Z"
"Solved a coding challenge using divide and conquer algorithm.","1337code","2013-04-09T09:40:53Z"
"Experimenting with new spices to create flavorful Indian dishes.","cooking","2011-01-14T13:55:29Z"
"Hiking through the rugged terrains of the Scottish Highlands.","hiking","2005-10-17T14:30:48Z"
"Planning a vacation to explore the cultural heritage of China.","vacation","2013-02-19T17:52:14Z"
"Indulging in a cup of rich and velvety Colombian coffee.","coffee","2009-05-22T20:35:49Z"
"Dancing the night away at a lively salsa club with friends.","night-life","2016-03-08T01:20:57Z"
"Developed an algorithm to detect anomalies in large datasets.","1337code","2014-11-17T09:35:40Z"
"Trying out a new recipe for homemade sushi rolls with fresh ingredients.","cooking","2012-10-19T11:28:27Z"
"Hiking in the picturesque landscapes of the Lake District in England.","hiking","2019-02-20T16:35:55Z"
"Planning a beach vacation to soak up the sun in the Caribbean.","vacation","2016-09-06T19:48:22Z"
"Sampling exotic coffee beans sourced directly from African farms.","coffee","2014-04-19T23:15:37Z"
"Enjoying a night of live jazz music at a cozy jazz club.","night-life","2011-01-12T23:40:33Z"
"Developed a neural network model for image recognition tasks.","1337code","2009-04-15T08:05:41Z"
"Experimenting with new ingredients to create plant-based recipes.","cooking","2017-01-01T10:28:55Z"
"Hiking to the magnificent waterfalls of Iguazu in Argentina.","hiking","2014-08-17T14:50:10Z"
"Planning a vacation to explore the cultural heritage of Egypt.","vacation","2011-07-22T18:35:25Z"
"Discovering a hidden coffee shop known for its unique brewing methods.","coffee","2009-06-05T21:10:45Z"
"Dancing the night away at a vibrant nightclub in the heart of the city.","night-life","2016-05-12T00:20:53Z"
"Developed a machine learning algorithm for sentiment analysis.","1337code","2013-07-11T08:25:41Z"
"Trying out a new recipe for homemade gnocchi with a creamy sauce.","cooking","2011-09-14T13:28:29Z"
"Hiking through the stunning landscapes of Banff National Park in Canada.","hiking","2008-10-18T17:55:40Z"
"Planning a beach vacation to relax on the pristine shores of the Maldives.","vacation","2016-09-24T21:55:58Z"
"Sampling different coffee varieties at a specialty coffee tasting event.","coffee","2013-05-02T00:37:07Z"
"Enjoying a night of live music and dancing at a popular music venue.","night-life","2011-02-08T23:55:22Z"
"Solved a coding challenge by implementing a graph algorithm for shortest paths.","1337code","2017-07-31T09:40:47Z"
"Experimenting with unique flavor combinations in homemade ice cream.","cooking","2014-05-17T12:52:49Z"
"Hiking through the stunning landscapes of Torres del Paine in Patagonia.","hiking","2011-09-10T15:50:20Z"
"Planning a vacation to explore the historical sites of Athens.","vacation","2006-10-11T19:52:35Z"
"Indulging in a cup of rich and aromatic Vietnamese coffee.","coffee","2013-08-28T22:35:45Z"
"Dancing the night away at a lively club with a live DJ.","night-life","2010-07-05T23:40:02Z"
"Developed a parallel algorithm for efficient data processing.","1337code","2018-05-09T08:55:22Z"
"Trying out a new recipe for homemade ramen with authentic flavors.","cooking","2016-02-09T11:28:47Z"
